{
  "project_info": {
    "project_number": "934545448341",
    "project_id": "login-final-9de38",
    "storage_bucket": "login-final-9de38.appspot.com"
  },
  "client": [
    {
      "client_info": {
        "mobilesdk_app_id": "1:934545448341:android:671bda1f61a07c1f77ea9c",
        "android_client_info": {
          "package_name": "com.example.login_final"
        }
      },
      "oauth_client": [],
      "api_key": [
        {
          "current_key": "AIzaSyAAbDC1SteW4lgzQJXt4WVYFVUQ7LaXT1Y"
        }
      ],
      "services": {
        "appinvite_service": {
          "other_platform_oauth_client": []
        }
      }
    }
  ],
  "configuration_version": "1"
}